tripID,timeStamp,longitude,latitude
12,23-12-2017 17:45:20,12.90625,43.33345
12,23-12-2017 17:45:21,12.905466,43.3331
12,23-12-2017 17:45:22,12.904366,43.332566
12,23-12-2017 17:45:23,12.903516,43.332166
12,23-12-2017 17:45:24,12.902583,43.33175
12,23-12-2017 17:45:25,12.901483,43.331233
12,23-12-2017 17:45:26,12.900733,43.3309
12,23-12-2017 17:45:30,12.89995,43.330533
12,23-12-2017 17:45:31,12.898666,43.329866
12,23-12-2017 17:45:32,12.897766,43.32885
12,23-12-2017 17:45:33,12.8973,43.3283
12,23-12-2017 17:45:34,12.8968,43.327766
12,23-12-2017 17:45:37,12.895633,43.326766
12,23-12-2017 17:45:38,12.895033,43.3262
12,23-12-2017 17:45:39,12.8944,43.325616
12,23-12-2017 17:45:40,12.893766,43.32505
12,23-12-2017 17:45:41,12.893116,43.32445
12,23-12-2017 17:45:44,12.8925,43.323866
12,23-12-2017 17:46:07,12.891916,43.323316
12,23-12-2017 17:46:08,12.891366,43.322816
12,23-12-2017 17:46:09,12.890066,43.3223
12,23-12-2017 17:46:10,12.888333,43.321716
12,23-12-2017 17:46:11,12.887316,43.32135
12,23-12-2017 17:46:12,12.88625,43.321066
12,23-12-2017 17:46:13,12.885216,43.32075
12,23-12-2017 17:46:14,12.884233,43.320416
12,23-12-2017 17:46:15,12.883266,43.320083
12,23-12-2017 17:46:16,12.882316,43.319783
12,23-12-2017 17:46:17,12.881333,43.319533
12,23-12-2017 17:46:18,12.880216,43.3193
12,23-12-2017 17:46:22,12.879366,43.318883
12,23-12-2017 17:46:23,12.87775,43.318283
12,23-12-2017 17:46:24,12.876616,43.318083
12,23-12-2017 17:46:25,12.875583,43.318016
12,23-12-2017 17:46:26,12.87445,43.318016
12,23-12-2017 17:46:27,12.87335,43.317833
12,23-12-2017 17:46:28,12.872433,43.317533
12,23-12-2017 17:46:29,12.870633,43.317733
12,23-12-2017 17:46:30,12.869633,43.317766
12,23-12-2017 17:46:31,12.8687,43.31795
12,23-12-2017 17:46:32,12.867733,43.317816
12,23-12-2017 17:46:33,12.866633,43.317716
12,23-12-2017 17:46:34,12.8656,43.317383
12,23-12-2017 17:46:35,12.864633,43.31695
12,23-12-2017 17:46:36,12.863783,43.31655
12,23-12-2017 17:46:37,12.863433,43.31595
12,23-12-2017 17:46:38,12.863566,43.31515
12,23-12-2017 17:46:39,12.863483,43.314466
12,23-12-2017 17:46:40,12.8628,43.31405
12,23-12-2017 17:46:41,12.8619,43.313883
12,23-12-2017 17:46:42,12.861016,43.313566
12,23-12-2017 17:46:43,12.860266,43.31315
12,23-12-2017 17:46:44,12.859166,43.312316
12,23-12-2017 17:46:45,12.858583,43.311766
12,23-12-2017 17:46:46,12.857916,43.3112
12,23-12-2017 17:46:47,12.85735,43.310633
12,23-12-2017 17:46:48,12.856583,43.3103
12,23-12-2017 17:46:49,12.8557,43.31025
12,23-12-2017 17:46:50,12.854766,43.310066
12,23-12-2017 17:46:51,12.853616,43.30985
12,23-12-2017 17:46:52,12.852366,43.3096
12,23-12-2017 17:46:53,12.851183,43.309366
12,23-12-2017 17:46:54,12.85,43.3091
12,23-12-2017 17:46:55,12.848966,43.30875
12,23-12-2017 17:46:56,12.848033,43.308316
12,23-12-2017 17:46:57,12.847116,43.307733
12,23-12-2017 17:46:58,12.846216,43.3072
12,23-12-2017 17:46:59,12.84535,43.306683
12,23-12-2017 17:47:00,12.844516,43.306083
12,23-12-2017 17:47:01,12.843666,43.305466
12,23-12-2017 17:47:02,12.842966,43.304766
12,23-12-2017 17:47:03,12.842616,43.30405
12,23-12-2017 17:47:04,12.842233,43.303416
12,23-12-2017 17:47:05,12.841316,43.3027
12,23-12-2017 17:47:06,12.840533,43.301816
12,23-12-2017 17:47:07,12.84045,43.300583
12,23-12-2017 17:47:08,12.84025,43.299883
12,23-12-2017 17:47:09,12.839966,43.2986
12,23-12-2017 17:47:10,12.8397,43.297833
12,23-12-2017 17:47:11,12.8395,43.297083
12,23-12-2017 17:47:12,12.8396,43.2963
12,23-12-2017 17:47:13,12.839733,43.29545
12,23-12-2017 17:47:14,12.839866,43.294566
12,23-12-2017 17:47:15,12.839983,43.293716
12,23-12-2017 17:47:16,12.840166,43.292866
12,23-12-2017 17:47:17,12.840083,43.29205
12,23-12-2017 17:47:18,12.839666,43.2912
12,23-12-2017 17:47:19,12.839216,43.290383
12,23-12-2017 17:47:20,12.83885,43.289583
12,23-12-2017 17:47:21,12.8389,43.288783
12,23-12-2017 17:47:22,12.839183,43.288
12,23-12-2017 17:47:23,12.8397,43.2872
12,23-12-2017 17:47:24,12.84025,43.28635
12,23-12-2017 17:47:25,12.840833,43.285483
12,23-12-2017 17:47:26,12.84155,43.284816
12,23-12-2017 17:47:27,12.842666,43.284566
12,23-12-2017 17:47:28,12.843833,43.284416
12,23-12-2017 17:47:29,12.844833,43.284066
12,23-12-2017 17:47:30,12.84545,43.283466
12,23-12-2017 17:47:31,12.845583,43.282633
12,23-12-2017 17:47:32,12.845683,43.281766
12,23-12-2017 17:47:33,12.84595,43.280883
12,23-12-2017 17:47:34,12.846183,43.27995
12,23-12-2017 17:47:35,12.84625,43.279116
12,23-12-2017 17:47:36,12.846766,43.278516
12,23-12-2017 17:47:37,12.84725,43.277766
12,23-12-2017 17:47:38,12.8476,43.276933
12,23-12-2017 17:47:39,12.847866,43.276083
12,23-12-2017 17:47:40,12.8481,43.2753
12,23-12-2017 17:47:41,12.8486,43.274616
12,23-12-2017 17:47:42,12.849016,43.273783
12,23-12-2017 17:47:43,12.849416,43.272933
12,23-12-2017 17:47:44,12.849816,43.272133
12,23-12-2017 17:47:45,12.850083,43.271283
12,23-12-2017 17:47:46,12.850066,43.270383
12,23-12-2017 17:47:47,12.850016,43.269466
12,23-12-2017 17:47:48,12.85,43.26855
12,23-12-2017 17:47:49,12.849916,43.267683
12,23-12-2017 17:47:50,12.84985,43.2669
12,23-12-2017 17:47:51,12.8497,43.265716
12,23-12-2017 17:47:52,12.849566,43.26475
12,23-12-2017 17:47:53,12.850033,43.263833
12,23-12-2017 17:47:54,12.85145,43.263666
12,23-12-2017 17:47:55,12.85275,43.26285
12,23-12-2017 17:47:56,12.853183,43.262166
12,23-12-2017 17:47:57,12.853616,43.261416
12,23-12-2017 17:47:58,12.854166,43.2606
12,23-12-2017 17:47:59,12.854866,43.259816
12,23-12-2017 17:48:00,12.855516,43.259083
12,23-12-2017 17:48:01,12.85625,43.25845
12,23-12-2017 17:48:02,12.856766,43.257733
12,23-12-2017 17:48:03,12.856983,43.256966
12,23-12-2017 17:48:04,12.857016,43.256183
12,23-12-2017 17:48:05,12.856783,43.25545
12,23-12-2017 17:48:06,12.855883,43.25515
12,23-12-2017 17:48:07,12.856016,43.256216
12,23-12-2017 17:48:08,12.854983,43.25685
12,23-12-2017 17:48:09,12.85425,43.25775
12,23-12-2017 17:48:10,12.853366,43.258566
12,23-12-2017 17:48:11,12.853716,43.257416
12,23-12-2017 17:48:12,12.854433,43.256333
12,23-12-2017 17:48:13,12.854616,43.255033
12,23-12-2017 17:48:14,12.85465,43.254283
12,23-12-2017 17:48:15,12.85485,43.253516
12,23-12-2017 17:48:16,12.854816,43.2528
12,23-12-2017 17:48:17,12.854983,43.2521
12,23-12-2017 17:48:18,12.855416,43.2514
12,23-12-2017 17:48:19,12.8566,43.250466
12,23-12-2017 17:48:20,12.85745,43.249366
12,23-12-2017 17:48:21,12.857833,43.248683
12,23-12-2017 17:48:22,12.857933,43.24795
12,23-12-2017 17:48:23,12.858333,43.247383
12,23-12-2017 17:48:24,12.860016,43.246933
12,23-12-2017 17:48:25,12.860866,43.246416
12,23-12-2017 17:48:26,12.861433,43.24565
12,23-12-2017 17:48:27,12.862933,43.243366
12,23-12-2017 17:48:28,12.8636,43.2427
12,23-12-2017 17:48:29,12.864066,43.24195
12,23-12-2017 17:48:30,12.864483,43.241166
12,23-12-2017 17:48:31,12.864783,43.240383
12,23-12-2017 17:48:32,12.864483,43.239666
12,23-12-2017 17:48:33,12.864316,43.23895
12,23-12-2017 17:48:34,12.8644,43.238116
12,23-12-2017 17:48:35,12.864433,43.237266
12,23-12-2017 17:48:36,12.86425,43.236483
12,23-12-2017 17:48:37,12.86375,43.235733
12,23-12-2017 17:48:38,12.86365,43.23495
12,23-12-2017 17:48:39,12.863816,43.234066
12,23-12-2017 17:48:40,12.864,43.233016
12,23-12-2017 17:48:41,12.864216,43.231866
12,23-12-2017 17:48:42,12.86465,43.230916
12,23-12-2017 17:48:43,12.86505,43.230083
12,23-12-2017 17:48:44,12.865233,43.229416
12,23-12-2017 17:48:45,12.865116,43.2287
12,23-12-2017 17:48:46,12.864733,43.227933
12,23-12-2017 17:48:47,12.86415,43.227183
12,23-12-2017 17:48:48,12.86365,43.226516
12,23-12-2017 17:48:49,12.86355,43.225816
12,23-12-2017 17:48:50,12.863516,43.224983
12,23-12-2017 17:48:51,12.863516,43.224066
12,23-12-2017 17:48:52,12.863533,43.22305
12,23-12-2017 17:48:53,12.863533,43.222016
12,23-12-2017 17:48:54,12.863516,43.22095
12,23-12-2017 17:48:55,12.863483,43.21995
12,23-12-2017 17:48:56,12.863483,43.219033
12,23-12-2017 17:48:57,12.863333,43.218166
12,23-12-2017 17:48:58,12.863033,43.217333
12,23-12-2017 17:48:59,12.862666,43.21645
12,23-12-2017 17:49:00,12.862216,43.215516
12,23-12-2017 17:49:01,12.862116,43.214633
12,23-12-2017 17:49:02,12.862133,43.213816
12,23-12-2017 17:49:03,12.861716,43.213116
12,23-12-2017 17:49:04,12.8616,43.212266
12,23-12-2017 17:49:05,12.861566,43.21125
12,23-12-2017 17:49:06,12.861583,43.21035
12,23-12-2017 17:49:07,12.86205,43.2096
12,23-12-2017 17:49:08,12.862466,43.208833
12,23-12-2017 17:49:09,12.8628,43.208016
12,23-12-2017 17:49:10,12.863333,43.207383
12,23-12-2017 17:49:11,12.864333,43.206916
12,23-12-2017 17:49:12,12.8652,43.206416
12,23-12-2017 17:49:13,12.86535,43.205616
12,23-12-2017 17:49:14,12.8654,43.204683
12,23-12-2017 17:49:15,12.86555,43.203766
12,23-12-2017 17:49:16,12.865866,43.202883
12,23-12-2017 17:49:17,12.866166,43.20195
12,23-12-2017 17:49:18,12.866416,43.201
12,23-12-2017 17:49:19,12.866766,43.200133
12,23-12-2017 17:49:20,12.86735,43.199383
12,23-12-2017 17:49:21,12.867666,43.198516
12,23-12-2017 17:49:22,12.868,43.1976
12,23-12-2017 17:49:23,12.86835,43.1967
12,23-12-2017 17:49:24,12.868683,43.19585
12,23-12-2017 17:49:25,12.869016,43.19505
12,23-12-2017 17:49:26,12.869083,43.194216
12,23-12-2017 17:49:27,12.869183,43.193383
12,23-12-2017 17:49:28,12.869216,43.192533
12,23-12-2017 17:49:29,12.869,43.191766
12,23-12-2017 17:49:30,12.868733,43.19105
12,23-12-2017 17:49:31,12.868916,43.1903
12,23-12-2017 17:49:32,12.8691,43.189516
12,23-12-2017 17:49:33,12.869616,43.188833
12,23-12-2017 17:49:34,12.870316,43.188216
12,23-12-2017 17:49:35,12.871166,43.187683
12,23-12-2017 17:49:36,12.871833,43.187033
12,23-12-2017 17:49:37,12.87255,43.186466
12,23-12-2017 17:49:38,12.874133,43.186283
12,23-12-2017 17:49:39,12.87475,43.185783
12,23-12-2017 17:49:40,12.876333,43.185533
12,23-12-2017 17:49:41,12.877366,43.185683
12,23-12-2017 17:49:42,12.8783,43.185633
12,23-12-2017 17:49:43,12.878566,43.1844
12,23-12-2017 17:49:44,12.878683,43.183766
12,23-12-2017 17:49:45,12.878983,43.18285
12,23-12-2017 17:49:46,12.8785,43.18225
12,23-12-2017 17:49:47,12.877183,43.1819
12,23-12-2017 17:49:48,12.876266,43.181916
12,23-12-2017 17:49:49,12.875533,43.18145
12,23-12-2017 17:49:50,12.8749,43.18085
12,23-12-2017 17:49:51,12.874033,43.180416
12,23-12-2017 17:49:52,12.8734,43.179816
12,23-12-2017 17:49:53,12.873116,43.1792
12,23-12-2017 17:49:54,12.873016,43.178466
12,23-12-2017 17:49:55,12.872766,43.177733
12,23-12-2017 17:49:56,12.872883,43.17705
12,23-12-2017 17:49:57,12.873316,43.17635
12,23-12-2017 17:49:58,12.873816,43.175616
12,23-12-2017 17:49:59,12.874283,43.174883
12,23-12-2017 17:50:00,12.875033,43.174433
12,23-12-2017 17:50:01,12.8757,43.17395
12,23-12-2017 17:50:02,12.875766,43.173283
12,23-12-2017 17:50:03,12.8754,43.1726
12,23-12-2017 17:50:04,12.874533,43.172133
12,23-12-2017 17:50:05,12.8736,43.171666
12,23-12-2017 17:50:06,12.872833,43.17105
12,23-12-2017 17:50:07,12.872033,43.170383
12,23-12-2017 17:50:08,12.871233,43.169733
12,23-12-2017 17:50:09,12.870366,43.1692
12,23-12-2017 17:50:10,12.869683,43.168633
12,23-12-2017 17:50:11,12.8691,43.168033
12,23-12-2017 17:50:12,12.868316,43.1675
12,23-12-2017 17:50:13,12.86795,43.166883
12,23-12-2017 17:50:14,12.866933,43.166083
12,23-12-2017 17:50:15,12.866333,43.1656
12,23-12-2017 17:50:16,12.866083,43.164866
12,23-12-2017 17:50:17,12.865883,43.164133
12,23-12-2017 17:50:18,12.8657,43.16345
12,23-12-2017 17:50:19,12.86515,43.162883
12,23-12-2017 17:50:20,12.864866,43.162233
12,23-12-2017 17:50:21,12.863783,43.1615
12,23-12-2017 17:50:22,12.86305,43.16105
12,23-12-2017 17:50:23,12.862333,43.1605
12,23-12-2017 17:50:24,12.86175,43.159866
12,23-12-2017 17:50:25,12.861433,43.159216
12,23-12-2017 17:50:26,12.861333,43.158416
12,23-12-2017 17:50:27,12.861233,43.157616
12,23-12-2017 17:50:28,12.861066,43.156983
12,23-12-2017 17:50:29,12.85965,43.15665
12,23-12-2017 17:50:30,12.8591,43.1561
12,23-12-2017 17:50:31,12.858516,43.155466
12,23-12-2017 17:50:32,12.8579,43.1548
12,23-12-2017 17:50:33,12.857366,43.154133
12,23-12-2017 17:50:34,12.857116,43.153366
12,23-12-2017 17:50:35,12.856783,43.152733
12,23-12-2017 17:50:36,12.856516,43.152033
12,23-12-2017 17:50:37,12.856766,43.151166
12,23-12-2017 17:50:38,12.857066,43.15035
12,23-12-2017 17:50:39,12.857,43.14955
12,23-12-2017 17:50:40,12.856616,43.1488
12,23-12-2017 17:50:41,12.855966,43.148166
12,23-12-2017 17:50:42,12.85565,43.147466
12,23-12-2017 17:50:43,12.854566,43.14645
12,23-12-2017 17:50:44,12.8539,43.145816
12,23-12-2017 17:50:45,12.853483,43.1451
12,23-12-2017 17:50:46,12.852983,43.144416
12,23-12-2017 17:50:47,12.852433,43.143666
12,23-12-2017 17:50:48,12.85195,43.14295
12,23-12-2017 17:50:49,12.851266,43.1423
12,23-12-2017 17:50:50,12.850516,43.1417
12,23-12-2017 17:50:51,12.84955,43.141283
12,23-12-2017 17:50:52,12.848733,43.14075
12,23-12-2017 17:50:53,12.848133,43.140283
12,23-12-2017 17:50:54,12.846733,43.14065
12,23-12-2017 17:50:55,12.84535,43.140416
12,23-12-2017 17:50:56,12.84615,43.13945
12,23-12-2017 17:50:57,12.846316,43.138816
12,23-12-2017 17:50:58,12.845983,43.1382
12,23-12-2017 17:50:59,12.845666,43.137516
12,23-12-2017 17:51:00,12.845566,43.136766
12,23-12-2017 17:51:01,12.845383,43.136016
12,23-12-2017 17:51:02,12.84515,43.13525
12,23-12-2017 17:51:03,12.844883,43.134433
12,23-12-2017 17:51:04,12.844716,43.133566
12,23-12-2017 17:51:05,12.8446,43.132733
12,23-12-2017 17:51:06,12.844433,43.13195
12,23-12-2017 17:51:07,12.845216,43.131116
12,23-12-2017 17:51:08,12.846283,43.132083
12,23-12-2017 17:51:09,12.846783,43.1328
12,23-12-2017 17:51:10,12.847416,43.1335
12,23-12-2017 17:51:11,12.84795,43.134216
12,23-12-2017 17:51:12,12.848333,43.1349
12,23-12-2017 17:51:13,12.850033,43.135316
12,23-12-2017 17:51:14,12.85085,43.1357
12,23-12-2017 17:51:15,12.8519,43.1357
12,23-12-2017 17:51:16,12.852616,43.134766
12,23-12-2017 17:51:17,12.853516,43.133783
12,23-12-2017 17:51:18,12.85435,43.133583
12,23-12-2017 17:51:19,12.854966,43.132683
12,23-12-2017 17:51:20,12.855583,43.131516
12,23-12-2017 17:51:21,12.855633,43.130833
12,23-12-2017 17:51:22,12.855083,43.129666
12,23-12-2017 17:51:23,12.85455,43.129016
12,23-12-2017 17:51:24,12.8541,43.128416
12,23-12-2017 17:51:25,12.855216,43.127783
12,23-12-2017 17:51:26,12.856216,43.127766
12,23-12-2017 17:51:27,12.857616,43.127066
12,23-12-2017 17:51:28,12.858766,43.126333
12,23-12-2017 17:51:29,12.858983,43.125683
12,23-12-2017 17:51:30,12.857633,43.1255
12,23-12-2017 17:51:31,12.857333,43.12485
12,23-12-2017 17:51:32,12.857316,43.124016
12,23-12-2017 17:51:33,12.857283,43.123166
12,23-12-2017 17:51:34,12.857066,43.122416
12,23-12-2017 17:51:35,12.8572,43.121716
12,23-12-2017 17:51:36,12.857,43.120866
12,23-12-2017 17:51:37,12.856783,43.120016
12,23-12-2017 17:51:38,12.856233,43.119283
12,23-12-2017 17:51:39,12.855933,43.1185
12,23-12-2017 17:51:40,12.855716,43.117633
12,23-12-2017 17:51:41,12.855233,43.116783
12,23-12-2017 17:51:42,12.854466,43.11595
12,23-12-2017 17:51:43,12.853833,43.1152
12,23-12-2017 17:51:44,12.853316,43.114383
12,23-12-2017 17:51:45,12.852733,43.113616
12,23-12-2017 17:51:46,12.851866,43.113066
12,23-12-2017 17:51:47,12.8508,43.112783
12,23-12-2017 17:51:48,12.849783,43.1127
12,23-12-2017 17:51:49,12.8517,43.112516
12,23-12-2017 17:51:50,12.85265,43.112716
12,23-12-2017 17:51:51,12.853333,43.113266
12,23-12-2017 17:51:52,12.8541,43.113916
12,23-12-2017 17:51:53,12.854966,43.114366
12,23-12-2017 17:51:54,12.8557,43.114866
12,23-12-2017 17:51:55,12.85635,43.115433
12,23-12-2017 17:51:56,12.8572,43.115783
12,23-12-2017 17:51:57,12.857966,43.11515
12,23-12-2017 17:51:58,12.857533,43.11445
12,23-12-2017 17:51:59,12.856766,43.113866
12,23-12-2017 17:52:00,12.855933,43.113266
12,23-12-2017 17:52:02,12.8551,43.11265
12,23-12-2017 17:52:03,12.854366,43.112033
12,23-12-2017 17:52:04,12.853783,43.111466
12,23-12-2017 17:52:05,12.8529,43.110916
12,23-12-2017 17:52:06,12.851216,43.11125
12,23-12-2017 17:52:07,12.849466,43.111216
12,23-12-2017 17:52:08,12.848583,43.111133
12,23-12-2017 17:52:09,12.847633,43.111166
12,23-12-2017 17:52:10,12.846533,43.11125
12,23-12-2017 17:52:11,12.845416,43.111283
12,23-12-2017 17:52:12,12.844333,43.111083
12,23-12-2017 17:52:13,12.84325,43.110966
12,23-12-2017 17:52:14,12.842216,43.111033
12,23-12-2017 17:52:15,12.841166,43.111266
12,23-12-2017 17:52:16,12.840116,43.111266
12,23-12-2017 17:52:17,12.839166,43.111
12,23-12-2017 17:52:18,12.8383,43.11065
12,23-12-2017 17:52:19,12.837616,43.11015
12,23-12-2017 17:52:20,12.836783,43.1099
12,23-12-2017 17:52:21,12.8358,43.10985
12,23-12-2017 17:52:22,12.834816,43.1098
12,23-12-2017 17:52:23,12.8338,43.109833
12,23-12-2017 17:52:24,12.832833,43.109716
12,23-12-2017 17:52:25,12.83215,43.109166
12,23-12-2017 17:52:26,12.831533,43.1085
12,23-12-2017 17:52:27,12.831,43.107816
12,23-12-2017 17:52:28,12.830733,43.107083
12,23-12-2017 17:52:29,12.830583,43.106333
12,23-12-2017 17:52:31,12.8304,43.1057
12,23-12-2017 17:52:32,12.829766,43.1051
12,23-12-2017 17:52:32,12.829116,43.104516
12,23-12-2017 17:52:34,12.827766,43.10425
12,23-12-2017 17:52:34,12.826416,43.103383
12,23-12-2017 17:52:35,12.825333,43.103333
12,23-12-2017 17:52:36,12.824116,43.103283
12,23-12-2017 17:52:37,12.822933,43.1031
12,23-12-2017 17:52:38,12.821866,43.102716
12,23-12-2017 17:52:40,12.820966,43.102383
12,23-12-2017 17:52:40,12.81985,43.102433
12,23-12-2017 17:52:42,12.81875,43.102716
12,23-12-2017 17:52:43,12.817733,43.103183
12,23-12-2017 17:52:44,12.816683,43.103483
12,23-12-2017 17:52:44,12.815533,43.103566
12,23-12-2017 17:52:45,12.814433,43.103466
12,23-12-2017 17:52:46,12.813416,43.10345
12,23-12-2017 17:52:48,12.8123,43.1036
12,23-12-2017 17:52:49,12.811116,43.103766
12,23-12-2017 17:52:50,12.81,43.103916
12,23-12-2017 17:52:51,12.808433,43.1035
12,23-12-2017 17:52:52,12.8067,43.103716
12,23-12-2017 17:52:53,12.805733,43.1036
12,23-12-2017 17:52:53,12.804833,43.103233
12,23-12-2017 17:52:54,12.803766,43.102666
12,23-12-2017 17:52:55,12.804583,43.101916
12,23-12-2017 17:52:56,12.805583,43.101583
12,23-12-2017 17:52:57,12.806916,43.101983
12,23-12-2017 17:52:58,12.80815,43.101933
12,23-12-2017 17:52:59,12.807616,43.101166
12,23-12-2017 17:53:00,12.807783,43.100466
12,23-12-2017 17:53:02,12.809,43.100783
12,23-12-2017 17:53:02,12.808633,43.1001
12,23-12-2017 17:53:03,12.809816,43.1
12,23-12-2017 17:53:04,12.810716,43.098983
12,23-12-2017 17:53:05,12.811033,43.0983
12,23-12-2017 17:53:06,12.811333,43.097683
12,23-12-2017 17:53:08,12.812133,43.0973
12,23-12-2017 17:53:09,12.812733,43.096766
12,23-12-2017 17:53:10,12.812433,43.096033
12,23-12-2017 17:53:11,12.8126,43.09515
12,23-12-2017 17:53:12,12.81235,43.094283
12,23-12-2017 17:53:13,12.8123,43.0934
12,23-12-2017 17:53:14,12.8129,43.092466
12,23-12-2017 17:53:15,12.8123,43.091316
12,23-12-2017 17:53:16,12.811533,43.090483
12,23-12-2017 17:53:17,12.812466,43.08965
12,23-12-2017 17:53:18,12.812416,43.0888
12,23-12-2017 17:53:19,12.8136,43.088216
12,23-12-2017 17:53:19,12.814066,43.087533
12,23-12-2017 17:53:21,12.814616,43.086816
12,23-12-2017 17:53:22,12.815633,43.087233
12,23-12-2017 17:53:23,12.815783,43.088116
12,23-12-2017 17:53:24,12.815566,43.0889
12,23-12-2017 17:53:25,12.81645,43.0884
12,23-12-2017 17:53:26,12.816833,43.087816
12,23-12-2017 17:53:26,12.8175,43.0869
12,23-12-2017 17:53:27,12.816866,43.086166
12,23-12-2017 17:53:28,12.816933,43.085166
12,23-12-2017 17:53:37,12.818166,43.084933
12,23-12-2017 17:53:38,12.819716,43.085116
12,23-12-2017 17:53:39,12.820016,43.0843
12,23-12-2017 17:53:42,12.8194,43.083816
12,23-12-2017 17:53:43,12.818666,43.083466
12,23-12-2017 17:53:45,12.817316,43.082716
12,23-12-2017 17:53:45,12.816933,43.0818
12,23-12-2017 17:53:46,12.81815,43.082533
12,23-12-2017 17:53:48,12.819816,43.082666
12,23-12-2017 17:53:48,12.820816,43.082066
12,23-12-2017 17:53:49,12.820866,43.080916
12,23-12-2017 17:53:51,12.821866,43.08025
12,23-12-2017 17:53:51,12.82195,43.079183
12,23-12-2017 17:53:52,12.822683,43.0784
12,23-12-2017 17:53:54,12.8237,43.0778
12,23-12-2017 17:53:55,12.824966,43.077233
12,23-12-2017 17:53:56,12.8257,43.076866
12,23-12-2017 17:53:57,12.8264,43.07635
12,23-12-2017 17:53:58,12.826833,43.075783
12,23-12-2017 17:53:59,12.827033,43.07505
12,23-12-2017 17:54:00,12.8274,43.07425
12,23-12-2017 17:54:01,12.827783,43.07345
12,23-12-2017 17:54:02,12.828533,43.072783
12,23-12-2017 17:54:03,12.829283,43.072166
12,23-12-2017 17:54:04,12.830383,43.071333
12,23-12-2017 17:54:05,12.831033,43.070783
12,23-12-2017 17:54:06,12.83155,43.070266
12,23-12-2017 17:54:07,12.8326,43.069233
12,23-12-2017 17:54:08,12.833233,43.068783
12,23-12-2017 17:54:09,12.834033,43.0677
12,23-12-2017 17:54:10,12.834366,43.067083
12,23-12-2017 17:54:11,12.834883,43.0658
12,23-12-2017 17:54:12,12.835183,43.065183
12,23-12-2017 17:54:13,12.835966,43.0663
12,23-12-2017 17:54:14,12.836216,43.066933
12,23-12-2017 17:54:15,12.837266,43.067533
12,23-12-2017 17:54:16,12.8386,43.068066
12,23-12-2017 17:54:17,12.839966,43.068966
12,23-12-2017 17:54:18,12.840433,43.06955
12,23-12-2017 17:54:19,12.8407,43.070183
12,23-12-2017 17:54:20,12.8416,43.07105
12,23-12-2017 17:54:21,12.842016,43.071983
12,23-12-2017 17:54:22,12.84285,43.072516
12,23-12-2017 17:54:23,12.844416,43.07265
12,23-12-2017 17:54:24,12.845333,43.072483
12,23-12-2017 17:54:25,12.846266,43.07235
12,23-12-2017 17:54:26,12.8476,43.072716
12,23-12-2017 17:54:27,12.848633,43.07345
12,23-12-2017 17:54:28,12.850066,43.07275
12,23-12-2017 17:54:29,12.850483,43.072083
12,23-12-2017 17:54:30,12.850966,43.071283
12,23-12-2017 17:54:31,12.852183,43.070616
12,23-12-2017 17:54:32,12.852566,43.0716
12,23-12-2017 17:54:33,12.852466,43.072766
12,23-12-2017 17:54:34,12.8533,43.0736
12,23-12-2017 17:54:35,12.854566,43.074183
12,23-12-2017 17:54:36,12.8554,43.073716
12,23-12-2017 17:54:37,12.85575,43.072783
12,23-12-2017 17:54:38,12.85555,43.0717
12,23-12-2017 17:54:39,12.855683,43.07105
12,23-12-2017 17:54:40,12.855916,43.07035
12,23-12-2017 17:54:41,12.8567,43.069333
12,23-12-2017 17:54:42,12.857166,43.068383
12,23-12-2017 17:54:43,12.857616,43.067433
12,23-12-2017 17:54:44,12.857466,43.0662
12,23-12-2017 17:54:45,12.85815,43.065733
12,23-12-2017 17:54:46,12.858583,43.064933
12,23-12-2017 17:54:47,12.85915,43.06405
12,23-12-2017 17:54:48,12.859766,43.063116
12,23-12-2017 17:54:49,12.8598,43.06245
12,23-12-2017 17:54:50,12.8601,43.0617
12,23-12-2017 17:54:51,12.8606,43.061133
12,23-12-2017 17:54:52,12.861383,43.059983
12,23-12-2017 17:54:53,12.861633,43.059316
12,23-12-2017 17:54:54,12.861583,43.058583
12,23-12-2017 17:54:55,12.861383,43.057766
12,23-12-2017 17:54:56,12.861066,43.057016
12,23-12-2017 17:54:57,12.8604,43.05605
12,23-12-2017 17:54:58,12.85915,43.055183
12,23-12-2017 17:54:59,12.85755,43.054983
12,23-12-2017 17:55:00,12.856283,43.054716
12,23-12-2017 17:55:01,12.8553,43.053933
12,23-12-2017 17:55:02,12.8544,43.053016
12,23-12-2017 17:55:03,12.853583,43.0521
12,23-12-2017 17:55:04,12.8535,43.051266
12,23-12-2017 17:55:05,12.85435,43.051916
12,23-12-2017 17:55:06,12.8553,43.051566
12,23-12-2017 17:55:07,12.856716,43.052166
12,23-12-2017 17:55:08,12.857583,43.052333
12,23-12-2017 17:55:09,12.858733,43.0531
12,23-12-2017 17:55:10,12.860266,43.053283
12,23-12-2017 17:55:11,12.860816,43.052333
12,23-12-2017 17:55:12,12.8624,43.051883
12,23-12-2017 17:55:13,12.863433,43.051683
12,23-12-2017 17:55:14,12.864416,43.0515
12,23-12-2017 17:55:15,12.865433,43.0513
12,23-12-2017 17:55:16,12.866483,43.051083
12,23-12-2017 17:55:17,12.867566,43.050883
12,23-12-2017 17:55:18,12.8686,43.050666
12,23-12-2017 17:55:19,12.869666,43.05045
12,23-12-2017 17:55:20,12.87075,43.050183
12,23-12-2017 17:55:21,12.871816,43.049916
12,23-12-2017 17:55:22,12.872933,43.04975
12,23-12-2017 17:55:23,12.874033,43.049533
12,23-12-2017 17:55:24,12.875183,43.0493
12,23-12-2017 17:55:25,12.876283,43.049133
12,23-12-2017 17:55:26,12.87725,43.049116
12,23-12-2017 17:55:27,12.878833,43.048566
12,23-12-2017 17:55:28,12.879566,43.04785
12,23-12-2017 17:55:29,12.8803,43.0472
12,23-12-2017 17:55:30,12.88115,43.046716
12,23-12-2017 17:55:31,12.881783,43.046116
12,23-12-2017 17:55:32,12.882116,43.045366
12,23-12-2017 17:55:33,12.8825,43.04455
12,23-12-2017 17:55:34,12.882733,43.0437
12,23-12-2017 17:55:38,12.88325,43.042916
12,23-12-2017 17:55:39,12.8838,43.042166
12,23-12-2017 17:55:40,12.88435,43.041416
12,23-12-2017 17:56:43,12.884966,43.040683
12,23-12-2017 17:56:44,12.88565,43.03995
12,23-12-2017 17:56:45,12.886366,43.03925
12,23-12-2017 17:56:46,12.887016,43.038616
12,23-12-2017 17:56:47,12.888533,43.038066
12,23-12-2017 17:56:48,12.89,43.0376
12,23-12-2017 17:56:49,12.891533,43.03705
12,23-12-2017 17:56:50,12.8929,43.036516
12,23-12-2017 17:56:51,12.893733,43.035566
12,23-12-2017 17:56:52,12.89435,43.034533
12,23-12-2017 17:56:53,12.8945,43.033716
12,23-12-2017 17:56:54,12.89515,43.034466
12,23-12-2017 17:56:55,12.8958,43.035566
12,23-12-2017 17:56:56,12.896333,43.036516
12,23-12-2017 17:56:57,12.89675,43.037266
12,23-12-2017 17:56:58,12.89715,43.038033
12,23-12-2017 17:56:59,12.897466,43.038716
12,23-12-2017 17:57:00,12.89775,43.039516
12,23-12-2017 17:57:01,12.897983,43.040316
12,23-12-2017 17:57:02,12.898016,43.041083
12,23-12-2017 17:57:03,12.897983,43.041983
12,23-12-2017 17:57:04,12.897916,43.0429
12,23-12-2017 17:57:05,12.897933,43.0438
12,23-12-2017 17:57:06,12.898083,43.044616
12,23-12-2017 17:57:07,12.898583,43.045233
12,23-12-2017 17:57:08,12.899416,43.0457
12,23-12-2017 17:57:09,12.900516,43.045933
12,23-12-2017 17:57:10,12.901733,43.0461
12,23-12-2017 17:57:11,12.902883,43.046316
12,23-12-2017 17:57:12,12.903983,43.0466
12,23-12-2017 17:57:13,12.90505,43.046883
12,23-12-2017 17:57:14,12.906033,43.047216
12,23-12-2017 17:57:15,12.90695,43.047583
12,23-12-2017 17:57:16,12.9079,43.04795
12,23-12-2017 17:57:17,12.908833,43.048383
12,23-12-2017 17:57:18,12.909783,43.048883
12,23-12-2017 17:57:19,12.91075,43.04945
12,23-12-2017 17:57:20,12.911666,43.05
12,23-12-2017 17:57:21,12.91275,43.0504
12,23-12-2017 17:57:22,12.913883,43.0507
12,23-12-2017 17:57:23,12.915,43.051083
12,23-12-2017 17:57:24,12.91615,43.051516
12,23-12-2017 17:57:25,12.917416,43.0519
12,23-12-2017 17:57:26,12.91865,43.05225
12,23-12-2017 17:57:27,12.919766,43.052533
12,23-12-2017 17:57:28,12.920933,43.052633
12,23-12-2017 17:57:29,12.9221,43.052733
12,23-12-2017 17:57:30,12.923233,43.052566
12,23-12-2017 17:57:31,12.924316,43.052633
12,23-12-2017 17:57:32,12.925383,43.052816
12,23-12-2017 17:57:33,12.926433,43.053183
12,23-12-2017 17:57:34,12.9274,43.053616
12,23-12-2017 17:57:35,12.9283,43.0541
12,23-12-2017 17:57:36,12.9292,43.05465
12,23-12-2017 17:57:37,12.93005,43.0552
12,23-12-2017 17:57:38,12.9308,43.0557
12,23-12-2017 17:57:39,12.9315,43.056333
12,23-12-2017 17:57:40,12.932166,43.057033
12,23-12-2017 17:57:41,12.932933,43.057683
12,23-12-2017 17:57:42,12.933783,43.058366
12,23-12-2017 17:57:43,12.934683,43.059116
12,23-12-2017 17:57:44,12.935633,43.05975
12,23-12-2017 17:57:45,12.936533,43.06025
12,23-12-2017 17:57:46,12.936983,43.06095
12,23-12-2017 17:57:47,12.937433,43.061766
12,23-12-2017 17:57:48,12.93815,43.06245
12,23-12-2017 17:57:49,12.938866,43.0631
12,23-12-2017 17:57:50,12.939383,43.06385
12,23-12-2017 17:57:51,12.94075,43.06455
12,23-12-2017 17:57:52,12.939766,43.065316
12,23-12-2017 17:57:53,12.939033,43.065816
12,23-12-2017 17:57:54,12.940233,43.066233
12,23-12-2017 17:57:55,12.94105,43.06575
12,23-12-2017 17:57:56,12.942333,43.06565
12,23-12-2017 17:57:57,12.943383,43.06625
12,23-12-2017 17:57:58,12.94425,43.067133
12,23-12-2017 17:57:59,12.945483,43.067616
12,23-12-2017 17:58:00,12.946733,43.068066
12,23-12-2017 17:58:01,12.94705,43.069166
12,23-12-2017 17:58:02,12.94755,43.070283
12,23-12-2017 17:58:03,12.948533,43.0713
12,23-12-2017 17:58:04,12.94915,43.071783
12,23-12-2017 17:58:05,12.950016,43.072233
12,23-12-2017 17:58:06,12.950983,43.072433
12,23-12-2017 17:58:07,12.951883,43.0725
12,23-12-2017 17:58:08,12.953416,43.073066
12,23-12-2017 17:58:09,12.954183,43.0734
12,23-12-2017 17:58:10,12.9549,43.073766
12,23-12-2017 17:58:11,12.9554,43.074316
12,23-12-2017 17:58:12,12.95595,43.074883
12,23-12-2017 17:58:13,12.956683,43.075383
12,23-12-2017 17:58:14,12.957366,43.07585
12,23-12-2017 17:58:15,12.958933,43.076083
12,23-12-2017 17:58:16,12.960466,43.076216
12,23-12-2017 17:58:17,12.961266,43.07665
12,23-12-2017 17:58:18,12.962116,43.076983
12,23-12-2017 17:58:19,12.963,43.077233
12,23-12-2017 17:58:20,12.963866,43.077483
12,23-12-2017 17:58:21,12.964766,43.077466
12,23-12-2017 17:58:22,12.965633,43.077283
12,23-12-2017 17:58:23,12.96655,43.077133
12,23-12-2017 17:58:24,12.96745,43.077
12,23-12-2017 17:58:25,12.968966,43.076633
12,23-12-2017 17:58:26,12.970083,43.076833
12,23-12-2017 17:58:27,12.9712,43.07675
12,23-12-2017 17:58:28,12.972083,43.076233
12,23-12-2017 17:58:29,12.973016,43.075933
12,23-12-2017 17:58:30,12.974433,43.075933
12,23-12-2017 17:58:31,12.97595,43.075766
12,23-12-2017 17:58:32,12.9776,43.075583
12,23-12-2017 17:58:33,12.978566,43.075566
12,23-12-2017 17:58:34,12.97945,43.075766
12,23-12-2017 17:58:35,12.980133,43.076183
12,23-12-2017 17:58:36,12.980916,43.076566
12,23-12-2017 17:58:37,12.982583,43.076566
12,23-12-2017 17:58:38,12.984166,43.07645
12,23-12-2017 17:58:39,12.9852,43.077033
12,23-12-2017 17:58:40,12.986566,43.077316
12,23-12-2017 17:58:41,12.9875,43.077266
12,23-12-2017 17:58:42,12.98845,43.077333
12,23-12-2017 17:58:43,12.989533,43.077383
12,23-12-2017 17:58:44,12.990566,43.077666
12,23-12-2017 17:58:45,12.991616,43.078016
12,23-12-2017 17:58:46,12.992616,43.078283
12,23-12-2017 17:58:47,12.993516,43.078616
12,23-12-2017 17:58:48,12.994983,43.078933
12,23-12-2017 17:58:49,12.99585,43.078683
12,23-12-2017 17:58:50,12.996883,43.0787
12,23-12-2017 17:58:51,12.997916,43.0789
12,23-12-2017 17:58:52,12.998933,43.079716
12,23-12-2017 17:58:53,12.9993,43.080383
12,23-12-2017 17:58:54,12.999866,43.080966
12,23-12-2017 17:58:55,13.00065,43.081266
12,23-12-2017 17:58:56,13.001966,43.081283
12,23-12-2017 17:58:57,13.002533,43.082116
12,23-12-2017 17:58:58,13.002733,43.082783
12,23-12-2017 17:58:59,13.00285,43.08345
12,23-12-2017 17:59:00,13.0034,43.084
12,23-12-2017 17:59:01,13.003966,43.0845
12,23-12-2017 17:59:02,13.004083,43.085183
12,23-12-2017 17:59:03,13.00445,43.0859
12,23-12-2017 17:59:04,13.005066,43.086566
12,23-12-2017 17:59:05,13.005733,43.0872
12,23-12-2017 17:59:06,13.00635,43.087783
12,23-12-2017 17:59:07,13.007016,43.087216
12,23-12-2017 17:59:08,13.0075,43.0878
12,23-12-2017 17:59:09,13.006816,43.088816
12,23-12-2017 17:59:10,13.0071,43.089966
12,23-12-2017 18:00:02,13.008033,43.090866
12,23-12-2017 18:00:03,13.009166,43.091166
12,23-12-2017 18:00:04,13.009833,43.092266
12,23-12-2017 18:00:05,13.00995,43.09295
12,23-12-2017 18:00:06,13.010333,43.093616
12,23-12-2017 18:00:07,13.0109,43.094183
12,23-12-2017 18:00:08,13.011066,43.09485
12,23-12-2017 18:00:09,13.01135,43.095533
12,23-12-2017 18:00:10,13.011866,43.0961
12,23-12-2017 18:00:11,13.012233,43.0968
12,23-12-2017 18:00:12,13.012366,43.097583
12,23-12-2017 18:00:13,13.012566,43.098416
12,23-12-2017 18:00:14,13.0129,43.099233
12,23-12-2017 18:00:15,13.013566,43.099816
12,23-12-2017 18:00:16,13.014266,43.10045
12,23-12-2017 18:00:17,13.014933,43.101233
12,23-12-2017 18:00:18,13.015566,43.102066
12,23-12-2017 18:00:19,13.01615,43.102966
12,23-12-2017 18:00:20,13.016716,43.103833
12,23-12-2017 18:00:21,13.017266,43.10465
12,23-12-2017 18:00:22,13.017983,43.105366
12,23-12-2017 18:00:23,13.018716,43.1061
12,23-12-2017 18:00:24,13.019233,43.10695
12,23-12-2017 18:00:25,13.019733,43.10785
12,23-12-2017 18:00:26,13.020233,43.108716
12,23-12-2017 18:00:27,13.020616,43.109583
12,23-12-2017 18:00:28,13.021316,43.110366
12,23-12-2017 18:00:29,13.022216,43.111
12,23-12-2017 18:00:30,13.0233,43.111416
12,23-12-2017 18:00:31,13.0243,43.11195
12,23-12-2017 18:00:32,13.025383,43.112466
12,23-12-2017 18:00:33,13.026383,43.112966
12,23-12-2017 18:00:34,13.027133,43.11335
12,23-12-2017 18:00:35,13.027633,43.113883
12,23-12-2017 18:00:36,13.028916,43.114333
12,23-12-2017 18:00:37,13.02995,43.114683
12,23-12-2017 18:00:38,13.031066,43.115066
12,23-12-2017 18:00:39,13.032333,43.11515
12,23-12-2017 18:00:40,13.033566,43.115
12,23-12-2017 18:00:41,13.034766,43.115033
12,23-12-2017 18:00:42,13.035716,43.1155
12,23-12-2017 18:00:43,13.036166,43.1163
12,23-12-2017 18:00:44,13.036183,43.11715
12,23-12-2017 18:00:45,13.036666,43.117833
12,23-12-2017 18:00:46,13.037633,43.118466
12,23-12-2017 18:00:47,13.038633,43.119133
12,23-12-2017 18:00:48,13.0397,43.119816
12,23-12-2017 18:00:49,13.04085,43.1203
12,23-12-2017 18:00:50,13.041666,43.1209
12,23-12-2017 18:00:51,13.04255,43.1215
12,23-12-2017 18:00:52,13.043283,43.122066
12,23-12-2017 18:00:53,13.043416,43.122883
12,23-12-2017 18:00:54,13.043483,43.12375
12,23-12-2017 18:00:55,13.044,43.124466
12,23-12-2017 18:00:56,13.04505,43.124966
12,23-12-2017 18:00:57,13.045983,43.125416
12,23-12-2017 18:00:58,13.0466,43.12595
12,23-12-2017 18:00:59,13.048466,43.1259
12,23-12-2017 18:01:00,13.049883,43.126566
12,23-12-2017 18:01:01,13.050683,43.127033
12,23-12-2017 18:01:02,13.05165,43.1271
12,23-12-2017 18:01:03,13.052316,43.127616
12,23-12-2017 18:01:04,13.052566,43.12825
12,23-12-2017 18:01:05,13.0539,43.128316
12,23-12-2017 18:01:06,13.05485,43.128416
12,23-12-2017 18:01:07,13.055516,43.127916
12,23-12-2017 18:01:08,13.056366,43.12725
12,23-12-2017 18:01:09,13.056833,43.1266
12,23-12-2017 18:01:10,13.057283,43.125983
12,23-12-2017 18:01:11,13.0581,43.125416
12,23-12-2017 18:01:12,13.058716,43.1247
12,23-12-2017 18:01:13,13.059333,43.123983
12,23-12-2017 18:01:14,13.059533,43.123183
12,23-12-2017 18:01:15,13.059266,43.122333
12,23-12-2017 18:01:16,13.05875,43.121633
12,23-12-2017 18:01:17,13.05785,43.1212
12,23-12-2017 18:01:18,13.057266,43.120433
12,23-12-2017 18:01:19,13.05665,43.119583
12,23-12-2017 18:01:20,13.055933,43.118766
12,23-12-2017 18:01:21,13.05555,43.117916
12,23-12-2017 18:01:22,13.055516,43.117
12,23-12-2017 18:01:23,13.055316,43.116066
12,23-12-2017 18:01:24,13.054916,43.115166
12,23-12-2017 18:01:25,13.054266,43.114433
12,23-12-2017 18:01:26,13.053233,43.11395
12,23-12-2017 18:01:27,13.05255,43.11335
12,23-12-2017 18:01:28,13.05225,43.112583
12,23-12-2017 18:01:29,13.051766,43.111816
12,23-12-2017 18:01:30,13.051333,43.111
12,23-12-2017 18:01:31,13.050983,43.110116
12,23-12-2017 18:01:32,13.050633,43.109183
12,23-12-2017 18:01:33,13.050416,43.108283
12,23-12-2017 18:01:34,13.050016,43.107616
12,23-12-2017 18:01:35,13.0493,43.107116
12,23-12-2017 18:01:36,13.049033,43.106366
12,23-12-2017 18:01:37,13.049033,43.105533
12,23-12-2017 18:01:38,13.0487,43.1047
12,23-12-2017 18:01:39,13.048483,43.103866
12,23-12-2017 18:01:40,13.048283,43.10305
12,23-12-2017 18:01:41,13.048,43.102283
12,23-12-2017 18:01:42,13.0482,43.10155
12,23-12-2017 18:01:43,13.04835,43.100833
12,23-12-2017 18:01:44,13.0479,43.100083
12,23-12-2017 18:01:45,13.04735,43.099233
12,23-12-2017 18:01:46,13.047283,43.098316
12,23-12-2017 18:01:47,13.047483,43.097316
12,23-12-2017 18:01:48,13.04775,43.096383
12,23-12-2017 18:01:49,13.048583,43.0957
12,23-12-2017 18:01:50,13.049066,43.095083
12,23-12-2017 18:01:51,13.04895,43.094266
12,23-12-2017 18:01:52,13.049333,43.093483
12,23-12-2017 18:01:53,13.0494,43.09265
12,23-12-2017 18:01:54,13.0493,43.091716
12,23-12-2017 18:01:55,13.049016,43.09075
12,23-12-2017 18:01:56,13.0487,43.08985
12,23-12-2017 18:01:57,13.04795,43.089233
12,23-12-2017 18:01:58,13.047066,43.08865
12,23-12-2017 18:01:59,13.046316,43.088183
12,23-12-2017 18:02:00,13.046066,43.087516
12,23-12-2017 18:02:01,13.045433,43.0868
12,23-12-2017 18:02:02,13.044966,43.086
12,23-12-2017 18:02:03,13.044666,43.085333
12,23-12-2017 18:02:04,13.044233,43.08475
12,23-12-2017 18:02:05,13.043783,43.083566
12,23-12-2017 18:02:06,13.0437,43.082566
12,23-12-2017 18:02:07,13.0436,43.081533
12,23-12-2017 18:02:08,13.044666,43.080766
12,23-12-2017 18:02:09,13.04565,43.0808
12,23-12-2017 18:02:10,13.046783,43.08085
12,23-12-2017 18:02:11,13.0479,43.0808
12,23-12-2017 18:02:12,13.049,43.08065
12,23-12-2017 18:02:13,13.05,43.0805
12,23-12-2017 18:02:14,13.050883,43.080183
12,23-12-2017 18:02:15,13.051683,43.079683
12,23-12-2017 18:02:16,13.052533,43.079166
12,23-12-2017 18:02:17,13.053416,43.0786
12,23-12-2017 18:02:18,13.05425,43.078083
12,23-12-2017 18:02:19,13.055066,43.077566
12,23-12-2017 18:02:20,13.055966,43.077116
12,23-12-2017 18:02:21,13.057,43.076716
12,23-12-2017 18:02:22,13.058,43.07645
12,23-12-2017 18:02:23,13.058916,43.076216
12,23-12-2017 18:02:24,13.0598,43.076
12,23-12-2017 18:02:25,13.060633,43.075783
12,23-12-2017 18:02:26,13.061566,43.075616
12,23-12-2017 18:02:27,13.062516,43.075366
12,23-12-2017 18:02:28,13.063933,43.07575
12,23-12-2017 18:02:29,13.0653,43.07635
12,23-12-2017 18:02:30,13.066966,43.076583
12,23-12-2017 18:02:31,13.067983,43.07675
12,23-12-2017 18:02:32,13.0689,43.077033
12,23-12-2017 18:02:33,13.069766,43.077316
12,23-12-2017 18:02:34,13.070616,43.0776
12,23-12-2017 18:02:35,13.071433,43.077883
12,23-12-2017 18:02:36,13.0729,43.0784
12,23-12-2017 18:02:56,13.07415,43.078883
12,23-12-2017 18:02:57,13.075116,43.079183
12,23-12-2017 18:02:58,13.076916,43.079416
12,23-12-2017 18:02:59,13.078016,43.079366
12,23-12-2017 18:03:00,13.0791,43.07925
12,23-12-2017 18:03:01,13.080116,43.079166
12,23-12-2017 18:03:02,13.081,43.079016
12,23-12-2017 18:03:03,13.082766,43.07915
12,23-12-2017 18:03:04,13.083766,43.0794
12,23-12-2017 18:03:05,13.0848,43.079683
12,23-12-2017 18:03:06,13.085933,43.080033
12,23-12-2017 18:03:07,13.087083,43.080366
12,23-12-2017 18:03:08,13.08815,43.0807
12,23-12-2017 18:03:09,13.089316,43.081033
12,23-12-2017 18:03:10,13.090466,43.08135
12,23-12-2017 18:03:11,13.0916,43.081666
12,23-12-2017 18:03:12,13.0928,43.082066
12,23-12-2017 18:03:13,13.09405,43.0825
12,23-12-2017 18:03:14,13.095316,43.08275
12,23-12-2017 18:03:15,13.09615,43.083316
12,23-12-2017 18:03:16,13.096983,43.084033
12,23-12-2017 18:03:17,13.0981,43.084583
12,23-12-2017 18:03:18,13.0991,43.085033
12,23-12-2017 18:03:19,13.100133,43.085583
